image,color,confidence,cx,cy,x,y,w,h,area
capture_1776884876011.jpg,blue,0.7264,923.59,950.06,844,868,161,165,20401.50
capture_1776884876011.jpg,blue,0.7228,1550.39,132.92,1466,49,175,170,22173.50
capture_1776884876011.jpg,green,0.7208,1112.43,835.68,1049,758,127,158,15191.00
capture_1776884876011.jpg,green,0.7269,1183.77,654.39,1120,575,133,155,15804.00
capture_1776884876011.jpg,green,0.7012,1184.60,381.47,1109,302,152,176,18544.50
capture_1776884876011.jpg,green,0.7270,1355.64,184.69,1275,107,161,155,19318.50
capture_1776884876011.jpg,red,0.7159,974.95,590.29,910,525,136,130,13003.00
capture_1776884876011.jpg,red,0.7213,1412.44,432.62,1336,355,152,156,17942.00
capture_1776884877162.jpg,blue,0.7237,968.02,906.41,889,825,160,164,20064.50
capture_1776884877162.jpg,blue,0.4959,728.98,658.26,698,605,66,104,2629.50
capture_1776884877162.jpg,green,0.7214,1148.45,782.39,1085,705,127,157,15112.00
capture_1776884877162.jpg,green,0.7222,1209.63,598.45,1146,517,133,157,15767.50
capture_1776884877162.jpg,green,0.7034,1194.47,326.14,1119,246,151,178,18794.50
capture_1776884877162.jpg,red,0.7231,996.26,548.18,932,485,134,128,13059.50
capture_1776884877162.jpg,red,0.7231,1427.75,361.39,1352,282,152,158,18405.00
capture_1776884925969.jpg,blue,0.7235,1579.19,509.64,1494,437,169,145,18523.00
capture_1776884925969.jpg,blue,0.7282,703.97,142.74,632,73,143,140,15613.50
capture_1776884925969.jpg,green,0.7299,989.35,396.47,918,333,145,128,14332.50
capture_1776884925969.jpg,green,0.7392,1429.73,352.86,1360,294,138,120,13325.00
capture_1776884925969.jpg,green,0.7138,1233.34,332.01,1160,266,152,134,14756.50
capture_1776884925969.jpg,green,0.7303,788.67,296.63,727,228,123,136,12871.00
capture_1776884925969.jpg,red,0.5528,717.01,899.53,663,815,102,162,6478.00
capture_1776884925969.jpg,red,0.4547,415.79,719.42,365,679,85,90,2921.50
capture_1776884925969.jpg,red,0.5367,532.74,664.03,491,641,81,49,2344.50
capture_1776884925969.jpg,red,0.7011,1209.57,538.29,1168,496,82,90,4990.00
capture_1776884925969.jpg,red,0.6931,974.56,197.39,918,135,115,129,9861.50
capture_1776884948211.jpg,blue,0.4442,1557.58,915.04,1527,885,87,66,2208.00
capture_1776884948211.jpg,blue,0.7146,437.72,832.85,363,766,149,134,14835.50
capture_1776884948211.jpg,blue,0.7208,1177.67,257.43,1107,188,140,140,14740.00
capture_1776884948211.jpg,green,0.7158,641.76,774.91,580,715,124,124,11160.50
capture_1776884948211.jpg,green,0.7070,743.43,624.55,681,543,126,153,13662.50
capture_1776884948211.jpg,green,0.7320,807.18,383.34,742,309,135,149,15677.00
capture_1776884948211.jpg,green,0.7345,1003.43,250.03,937,183,132,132,13672.50
capture_1776884948211.jpg,red,0.6927,562.67,513.21,518,475,84,76,4004.00
capture_1776884948211.jpg,red,0.7217,982.11,478.18,929,418,106,122,9577.00
capture_1776884948805.jpg,blue,0.7164,512.41,851.88,443,785,140,133,13715.00
capture_1776884948805.jpg,blue,0.7218,1239.24,284.90,1162,214,154,140,16357.50
capture_1776884948805.jpg,green,0.7129,708.94,800.99,649,742,123,120,10752.00
capture_1776884948805.jpg,green,0.7325,811.04,656.50,751,586,122,139,13213.50
capture_1776884948805.jpg,green,0.7347,869.81,418.73,807,346,129,145,14764.50
capture_1776884948805.jpg,green,0.7366,1061.20,281.54,994,216,135,128,13825.00
capture_1776884948805.jpg,red,0.6909,636.19,548.18,592,506,93,84,5236.50
capture_1776884948805.jpg,red,0.7201,1046.99,509.24,995,450,108,119,9539.00
capture_1776884949331.jpg,blue,0.7199,517.26,685.07,449,623,136,124,12708.50
capture_1776884949331.jpg,blue,0.7113,1398.12,384.90,1313,315,164,142,16903.00
capture_1776884949331.jpg,green,0.7132,711.23,700.24,650,647,128,113,10388.50
capture_1776884949331.jpg,green,0.7083,852.55,599.95,789,524,127,143,12916.50
capture_1776884949331.jpg,green,0.7360,988.97,394.89,921,324,139,141,15476.00
capture_1776884949331.jpg,green,0.7212,1222.51,324.02,1149,256,141,136,14393.50
capture_1776884949331.jpg,red,0.7089,1126.43,536.32,1071,474,113,123,9772.00
capture_1776884949331.jpg,red,0.7110,723.16,444.90,683,400,79,93,5146.00
capture_1776884949829.jpg,blue,0.7100,463.82,587.27,393,523,142,127,13078.00
capture_1776884949829.jpg,blue,0.7276,1388.89,459.31,1313,392,154,136,16024.50
capture_1776884949829.jpg,green,0.7230,654.37,638.79,593,586,128,109,10469.50
capture_1776884949829.jpg,green,0.7096,814.34,565.71,748,495,131,137,12872.00
capture_1776884949829.jpg,green,0.7241,988.72,389.98,913,319,149,139,15653.00
capture_1776884949829.jpg,green,0.7205,1230.82,366.47,1160,299,138,139,14228.00
capture_1776884949829.jpg,red,0.6936,1094.70,557.27,1038,494,117,128,10094.00
capture_1776884949829.jpg,red,0.7143,716.48,385.93,681,343,75,86,4519.00
capture_1776884950356.jpg,blue,0.7214,1374.22,542.40,1296,475,156,139,16250.00
capture_1776884950356.jpg,blue,0.7101,439.63,457.60,369,393,145,129,13534.50
capture_1776884950356.jpg,green,0.7295,618.52,552.46,556,498,126,109,10536.00
capture_1776884950356.jpg,green,0.7202,791.96,516.23,723,451,135,130,13095.50
capture_1776884950356.jpg,green,0.7254,1243.38,415.21,1177,347,135,143,14605.00
capture_1776884950356.jpg,green,0.7194,1002.17,382.54,920,313,157,138,15976.00
capture_1776884950356.jpg,red,0.7151,1066.64,571.04,1011,510,115,120,10105.50
capture_1776884950356.jpg,red,0.7143,734.02,315.42,698,268,70,92,4440.50
capture_1776884950785.jpg,blue,0.7330,1358.61,627.83,1284,558,152,143,17056.00
capture_1776884950785.jpg,blue,0.7255,453.06,375.19,383,311,139,131,13800.50
capture_1776884950785.jpg,green,0.7264,613.54,501.37,551,447,129,109,10705.50
capture_1776884950785.jpg,green,0.7224,791.04,495.56,721,431,138,130,13507.00
capture_1776884950785.jpg,green,0.7277,1252.34,477.25,1186,407,135,144,14955.50
capture_1776884950785.jpg,green,0.7215,1022.06,400.76,941,332,156,138,16049.50
capture_1776884950785.jpg,red,0.7228,1051.27,601.58,995,541,117,121,10515.50
capture_1776884950785.jpg,red,0.7022,769.86,286.11,734,238,70,94,4375.50
capture_1776885028599.jpg,blue,0.6796,1423.68,640.14,1284,534,289,224,40988.00
capture_1776885028599.jpg,blue,0.7233,950.85,172.65,868,84,173,177,23032.00
capture_1776885028599.jpg,green,0.7267,978.12,787.22,893,706,170,162,21316.50
capture_1776885028599.jpg,green,0.7169,1213.59,748.33,1112,671,192,164,22769.00
capture_1776885028599.jpg,green,0.7096,752.10,670.52,666,570,179,196,25442.00
capture_1776885028599.jpg,green,0.7118,748.10,301.36,666,223,175,164,20765.00
capture_1776885028599.jpg,red,0.7179,921.02,518.59,842,441,156,158,18023.50
capture_1776885028599.jpg,red,0.7093,1023.84,357.56,944,286,164,141,16541.00
capture_1776885029652.jpg,blue,0.6926,1428.56,679.40,1297,575,277,223,41118.00
capture_1776885029652.jpg,blue,0.7164,1000.57,167.47,916,77,176,181,23643.50
capture_1776885029652.jpg,green,0.7286,969.74,784.73,885,704,170,162,21330.50
capture_1776885029652.jpg,green,0.7189,1207.74,768.96,1112,688,184,171,22825.00
capture_1776885029652.jpg,green,0.7054,755.94,645.88,669,543,180,199,25368.50
capture_1776885029652.jpg,green,0.7188,785.74,277.58,703,198,172,164,20789.00
capture_1776885029652.jpg,red,0.7205,940.06,509.34,860,432,155,162,18165.50
capture_1776885029652.jpg,red,0.6979,1056.12,362.03,978,289,168,146,16455.50
capture_1776885030216.jpg,blue,0.6902,1415.89,694.57,1280,590,270,227,40608.00
capture_1776885030216.jpg,blue,0.7254,1018.77,160.41,935,70,172,181,23705.00
capture_1776885030216.jpg,green,0.7262,953.58,775.49,868,695,173,160,21118.00
capture_1776885030216.jpg,green,0.7158,1190.17,773.18,1096,691,182,169,22583.00
capture_1776885030216.jpg,green,0.7004,747.62,626.47,660,521,180,203,25472.00
capture_1776885030216.jpg,green,0.7116,797.86,259.93,715,180,178,164,21159.00
capture_1776885030216.jpg,red,0.7235,939.18,499.73,857,422,155,160,18104.00
capture_1776885030216.jpg,red,0.7195,1064.57,358.37,984,286,167,139,17122.50
capture_1776885030645.jpg,blue,0.6747,1407.17,736.87,1270,630,281,231,40864.00
capture_1776885030645.jpg,blue,0.7255,1068.14,161.40,983,70,173,182,23979.50
capture_1776885030645.jpg,green,0.7155,1173.41,790.10,1083,703,175,178,22592.50
capture_1776885030645.jpg,green,0.7291,936.70,766.88,851,687,174,157,21015.50
capture_1776885030645.jpg,green,0.7083,748.75,596.73,662,490,179,198,25228.00
capture_1776885030645.jpg,green,0.7090,836.85,237.77,752,157,181,163,21120.00
capture_1776885030645.jpg,red,0.7162,953.28,489.90,871,409,154,167,18100.50
capture_1776885030645.jpg,red,0.7223,1091.92,364.47,1012,293,167,136,16957.50
capture_1776885030842.jpg,blue,0.7084,1405.85,780.39,1284,672,248,234,40755.00
capture_1776885030842.jpg,blue,0.4429,1648.17,538.19,1590,501,120,92,3059.00
capture_1776885030842.jpg,blue,0.7279,1098.26,182.85,1013,91,171,181,23948.00
capture_1776885030842.jpg,green,0.7131,1168.45,820.78,1086,728,167,187,22785.50
capture_1776885030842.jpg,green,0.7168,933.63,782.40,845,701,179,162,21304.50
capture_1776885030842.jpg,green,0.7044,755.05,600.55,666,493,181,198,25372.00
capture_1776885030842.jpg,green,0.7147,863.36,246.58,780,166,178,164,21207.50
capture_1776885030842.jpg,red,0.7270,964.00,506.77,884,426,151,165,18358.00
capture_1776885030842.jpg,red,0.7091,1110.44,387.87,1030,313,170,143,17296.50
capture_1776885031008.jpg,blue,0.7069,1383.09,801.21,1265,693,240,235,39311.00
capture_1776885031008.jpg,blue,0.7299,1120.63,185.69,1034,95,171,181,24277.50
capture_1776885031008.jpg,green,0.7134,1144.66,826.11,1064,730,164,188,22372.00
capture_1776885031008.jpg,green,0.7180,914.07,771.46,827,691,177,161,21083.00
capture_1776885031008.jpg,green,0.7066,748.62,578.39,661,471,180,197,25322.00
capture_1776885031008.jpg,green,0.7168,881.14,232.45,796,152,179,161,21332.00
capture_1776885031008.jpg,red,0.7270,963.19,500.44,883,422,152,162,18264.50
capture_1776885031008.jpg,red,0.7145,1118.90,392.89,1037,320,172,140,17566.00
capture_1776885031140.jpg,blue,0.7116,1370.66,796.22,1256,687,236,236,38704.00
capture_1776885031140.jpg,blue,0.4478,1638.50,595.21,1564,560,133,80,3179.50
capture_1776885031140.jpg,blue,0.7267,1146.08,168.94,1059,76,173,186,24669.50
capture_1776885031140.jpg,green,0.7187,1133.81,808.51,1056,717,160,187,22051.00
capture_1776885031140.jpg,green,0.7206,907.23,743.23,821,663,176,159,20868.50
capture_1776885031140.jpg,green,0.7072,752.09,544.73,664,438,180,194,25093.50
capture_1776885031140.jpg,green,0.7101,902.11,204.13,817,123,181,164,21659.00
capture_1776885031140.jpg,red,0.7198,970.04,477.26,891,394,151,166,18071.50
capture_1776885031140.jpg,red,0.7112,1132.46,376.13,1049,305,174,137,17049.00
capture_1776885031238.jpg,blue,0.6792,1360.25,800.69,1233,690,263,235,38733.00
capture_1776885031238.jpg,blue,0.7280,1159.99,162.03,1072,70,175,185,25173.00
capture_1776885031238.jpg,green,0.7148,1124.91,805.18,1048,706,158,193,22084.00
capture_1776885031238.jpg,green,0.7075,901.66,732.62,814,652,180,163,20758.50
capture_1776885031238.jpg,green,0.7102,753.32,528.37,665,421,179,195,25241.50
capture_1776885031238.jpg,green,0.7150,914.14,189.90,827,108,184,163,21845.00
capture_1776885031238.jpg,red,0.7216,972.61,468.59,895,386,150,166,18247.50
capture_1776885031238.jpg,red,0.7145,1139.54,371.34,1057,301,168,140,17327.50
capture_1776885031369.jpg,blue,0.6915,1354.22,822.96,1240,712,244,238,39209.00
capture_1776885031369.jpg,blue,0.7321,1183.63,172.84,1094,80,176,185,25471.00
capture_1776885031369.jpg,green,0.7185,1116.12,815.92,1040,722,157,189,21902.00
capture_1776885031369.jpg,green,0.7144,896.66,730.94,811,651,177,162,20785.50
capture_1776885031369.jpg,green,0.7083,758.47,518.56,668,412,181,194,25349.50
capture_1776885031369.jpg,green,0.7205,935.85,187.40,849,106,183,161,21946.00
capture_1776885031369.jpg,red,0.7207,979.40,471.25,904,388,148,166,18329.00
capture_1776885031369.jpg,red,0.7204,1153.04,380.26,1070,309,169,139,17540.00
capture_1776885031503.jpg,blue,0.6945,1313.59,819.49,1204,709,243,229,37800.00
capture_1776885031503.jpg,blue,0.7304,1197.19,165.83,1108,74,177,184,25290.00
capture_1776885031503.jpg,green,0.7062,1082.16,797.32,1009,696,155,199,21639.50
capture_1776885031503.jpg,green,0.7145,871.30,700.84,782,622,180,156,20553.50
capture_1776885031503.jpg,green,0.7281,747.91,483.62,657,390,182,180,25344.50
capture_1776885031503.jpg,green,0.7209,948.37,165.29,862,84,183,161,22126.50
capture_1776885031503.jpg,red,0.7287,971.59,451.51,899,371,146,160,17965.50
capture_1776885031503.jpg,red,0.7104,1151.71,372.17,1066,299,171,143,17461.00
capture_1776885031634.jpg,blue,0.3875,565.65,864.76,535,828,63,83,1544.50
capture_1776885031634.jpg,blue,0.6982,1276.48,816.65,1172,705,228,229,36455.00
capture_1776885031634.jpg,blue,0.7233,1205.33,156.41,1113,63,180,187,25735.00
capture_1776885031634.jpg,green,0.7054,1050.02,781.08,976,679,153,199,21390.50
capture_1776885031634.jpg,green,0.7189,846.81,672.80,758,594,175,158,20449.00
capture_1776885031634.jpg,green,0.7127,736.01,446.30,645,342,181,193,25606.50
capture_1776885031634.jpg,green,0.7247,956.59,137.25,867,54,184,163,22610.50
capture_1776885031634.jpg,red,0.7167,961.54,428.43,888,346,147,166,18165.50
capture_1776885031634.jpg,red,0.7093,1147.56,360.41,1063,289,168,143,17244.00
capture_1776885031733.jpg,blue,0.3959,555.89,856.34,524,820,64,83,1585.00
capture_1776885031733.jpg,blue,0.7082,1269.14,833.54,1166,723,225,227,35906.50
capture_1776885031733.jpg,blue,0.7207,1224.97,169.49,1131,74,182,189,25829.00
capture_1776885031733.jpg,green,0.7068,1045.50,789.14,972,686,153,198,21291.00
capture_1776885031733.jpg,green,0.7208,846.05,673.04,759,594,173,159,20336.00
capture_1776885031733.jpg,green,0.7200,744.45,442.43,653,345,182,188,25647.50
capture_1776885031733.jpg,green,0.7187,977.06,141.63,888,57,182,166,22608.00
capture_1776885031733.jpg,red,0.7279,970.59,433.29,900,352,144,164,18054.00
capture_1776885031733.jpg,red,0.6984,1158.59,372.53,1073,298,171,147,17555.50
capture_1776885031866.jpg,blue,0.6791,1251.23,860.18,1140,746,244,232,36894.00
capture_1776885031866.jpg,blue,0.7217,1234.02,192.44,1141,99,182,187,25869.50
capture_1776885031866.jpg,green,0.7046,1029.95,804.91,956,700,151,204,21496.50
capture_1776885031866.jpg,green,0.7192,835.23,678.79,747,599,174,159,20592.50
capture_1776885031866.jpg,green,0.7163,743.19,441.88,650,341,183,190,25785.00
capture_1776885031866.jpg,green,0.7238,989.03,151.95,901,68,180,166,22528.00
capture_1776885031866.jpg,red,0.7223,970.13,443.33,897,362,146,164,18047.00
capture_1776885031866.jpg,red,0.7079,1160.97,392.05,1074,319,171,146,17733.00
capture_1776885031998.jpg,blue,0.4008,521.62,822.47,489,786,62,85,1696.50
capture_1776885031998.jpg,blue,0.7035,1233.94,872.97,1133,761,223,228,36308.50
capture_1776885031998.jpg,blue,0.4273,1555.51,784.72,1492,747,132,59,2543.50
capture_1776885031998.jpg,blue,0.7226,1251.71,210.29,1155,119,186,182,25423.00
capture_1776885031998.jpg,green,0.7084,1015.87,805.87,945,705,148,200,21261.00
capture_1776885031998.jpg,green,0.7215,829.13,670.91,743,592,171,159,20340.50
capture_1776885031998.jpg,green,0.7329,750.41,432.22,659,341,180,179,25314.50
capture_1776885031998.jpg,green,0.7216,1009.45,157.78,921,75,181,162,22304.00
capture_1776885031998.jpg,red,0.7235,976.16,445.04,904,364,146,164,18263.50
capture_1776885031998.jpg,red,0.7009,1168.78,403.83,1081,328,172,150,17961.50
capture_1776885031998.jpg,red,0.5009,228.02,146.77,187,118,88,71,2048.50
capture_1776885032096.jpg,blue,0.7036,1220.55,882.86,1121,771,222,227,36391.00
capture_1776885032096.jpg,blue,0.7248,1272.42,219.87,1178,128,184,184,25529.50
capture_1776885032096.jpg,green,0.7034,1006.72,805.88,934,699,148,204,21168.00
capture_1776885032096.jpg,green,0.7235,826.37,661.16,741,582,170,159,20456.50
capture_1776885032096.jpg,green,0.7231,759.85,418.16,668,322,180,186,25542.50
capture_1776885032096.jpg,green,0.7173,1032.71,155.51,944,71,180,168,22502.50
capture_1776885032096.jpg,red,0.7330,984.18,441.76,912,363,146,159,18085.50
capture_1776885032096.jpg,red,0.7004,1178.96,409.89,1093,335,173,150,17625.00
capture_1776885032229.jpg,blue,0.4742,1527.58,839.64,1456,802,139,57,2920.00
capture_1776885032229.jpg,blue,0.6995,1197.28,892.90,1097,782,223,229,36117.00
capture_1776885032229.jpg,blue,0.7305,1289.74,235.02,1200,143,180,183,25717.00
capture_1776885032229.jpg,green,0.7083,988.58,802.80,917,698,147,202,21051.50
capture_1776885032229.jpg,green,0.7229,817.65,648.27,732,570,170,158,20322.00
capture_1776885032229.jpg,green,0.7314,765.73,402.06,675,311,179,182,25598.00
capture_1776885032229.jpg,green,0.7142,1053.93,155.62,963,71,182,169,22581.50
capture_1776885032229.jpg,red,0.7199,988.57,439.13,914,359,148,163,18295.50
capture_1776885032229.jpg,red,0.6967,1184.42,419.12,1096,343,173,152,17718.50
capture_1776885032361.jpg,blue,0.4212,1485.24,894.06,1423,853,111,60,2312.50
capture_1776885032361.jpg,blue,0.7158,1152.03,922.85,1044,811,220,227,36198.00
capture_1776885032361.jpg,blue,0.7252,1300.26,274.76,1208,183,183,184,25726.50
capture_1776885032361.jpg,green,0.7188,955.59,815.68,884,718,145,197,21051.50
capture_1776885032361.jpg,green,0.7231,797.89,646.66,712,569,170,159,20284.50
capture_1776885032361.jpg,green,0.7306,766.16,396.14,674,306,180,181,25654.50
capture_1776885032361.jpg,green,0.7215,1073.02,175.63,984,91,177,167,22254.00
capture_1776885032361.jpg,red,0.7313,985.74,451.49,912,375,148,156,18121.50
capture_1776885032361.jpg,red,0.7065,1181.87,447.16,1097,371,166,155,18415.00
capture_1776885032492.jpg,blue,0.4066,1437.16,923.65,1366,887,133,64,2557.00
capture_1776885032492.jpg,blue,0.7142,1105.66,925.20,1001,812,216,228,35511.50
capture_1776885032492.jpg,blue,0.4244,435.46,689.49,414,643,42,95,1512.50
capture_1776885032492.jpg,blue,0.7066,1310.83,296.87,1216,208,187,188,25076.00
capture_1776885032492.jpg,green,0.7198,919.96,803.03,848,705,146,196,20930.50
capture_1776885032492.jpg,green,0.7249,777.73,623.38,694,545,167,160,20456.00
capture_1776885032492.jpg,green,0.7267,767.30,371.58,675,280,181,185,25808.00
capture_1776885032492.jpg,green,0.7291,1093.85,179.15,1006,96,174,164,22035.50
capture_1776885032492.jpg,red,0.7062,1178.76,458.59,1095,381,163,156,18202.00
capture_1776885032492.jpg,red,0.7252,982.33,445.52,910,368,147,159,17820.50
capture_1776885032625.jpg,blue,0.7036,1063.58,911.30,960,803,232,215,34765.00
capture_1776885032625.jpg,blue,0.5136,418.52,631.81,398,600,45,70,1585.00
capture_1776885032625.jpg,blue,0.7241,1316.67,312.30,1225,224,184,177,24646.50
capture_1776885032625.jpg,green,0.7189,886.43,776.29,815,676,145,196,20643.00
capture_1776885032625.jpg,green,0.7277,761.30,589.91,679,511,164,160,20124.00
capture_1776885032625.jpg,green,0.7255,770.53,339.15,677,248,183,184,25892.00
capture_1776885032625.jpg,green,0.7291,1112.34,176.13,1024,91,172,166,21975.50
capture_1776885032625.jpg,red,0.6961,1171.39,461.32,1086,383,163,161,18140.50
capture_1776885032625.jpg,red,0.7200,978.44,431.56,901,356,152,156,17575.00
capture_1776885032722.jpg,blue,0.7196,1046.96,916.81,945,805,213,222,34851.00
capture_1776885032722.jpg,blue,0.4692,409.09,612.90,388,580,47,79,1666.00
capture_1776885032722.jpg,blue,0.7282,1317.40,313.33,1228,224,181,182,25452.50
capture_1776885032722.jpg,green,0.7125,875.40,775.74,802,675,147,198,20899.00
capture_1776885032722.jpg,green,0.7265,754.30,582.79,672,501,165,164,20627.50
capture_1776885032722.jpg,green,0.7266,770.51,326.94,677,235,183,187,26562.00
capture_1776885032722.jpg,green,0.7228,1117.16,168.30,1026,81,175,170,22541.00
capture_1776885032722.jpg,red,0.7212,1168.31,461.82,1089,385,155,157,18073.50
capture_1776885032722.jpg,red,0.7178,976.61,426.70,900,348,151,160,17888.50
capture_1776885032855.jpg,blue,0.7283,1302.94,374.78,1217,291,175,170,22990.00
capture_1776885032855.jpg,green,0.7156,841.29,810.82,767,715,147,190,20576.50
capture_1776885032855.jpg,green,0.7345,730.40,611.00,648,534,164,157,20180.50
capture_1776885032855.jpg,green,0.7257,761.31,360.89,667,272,183,181,25360.00
capture_1776885032855.jpg,green,0.7290,1111.33,225.62,1026,144,168,161,20988.50
capture_1776885032855.jpg,red,0.7075,1149.66,512.29,1066,430,160,165,18821.50
capture_1776885032855.jpg,red,0.7211,960.37,467.14,886,389,152,161,18458.00
capture_1776885032989.jpg,blue,0.7282,1312.55,431.74,1226,349,174,167,22561.50
capture_1776885032989.jpg,green,0.7145,828.48,835.79,754,739,147,189,20331.50
capture_1776885032989.jpg,green,0.7240,730.24,628.13,649,549,163,161,20007.00
capture_1776885032989.jpg,green,0.7269,777.00,382.63,685,296,180,178,24645.00
capture_1776885032989.jpg,green,0.7282,1131.25,271.68,1049,192,163,161,20238.50
capture_1776885032989.jpg,red,0.7196,1152.99,558.35,1071,473,161,173,20716.00
capture_1776885032989.jpg,red,0.7185,966.97,500.65,888,422,160,161,19317.50
capture_1776885033120.jpg,blue,0.7244,1319.33,428.36,1232,346,176,167,22326.00
capture_1776885033120.jpg,green,0.7171,814.20,802.69,739,707,147,185,20116.50
capture_1776885033120.jpg,green,0.7349,727.69,593.32,649,516,158,157,19563.00
capture_1776885033120.jpg,green,0.7252,786.43,352.08,694,265,181,179,24688.50
capture_1776885033120.jpg,green,0.7291,1147.53,259.26,1065,179,163,161,20278.50
capture_1776885033120.jpg,red,0.7197,1151.12,545.18,1070,461,159,173,20294.50
capture_1776885033120.jpg,red,0.7180,970.87,479.53,890,400,161,161,19174.00
capture_1776885033252.jpg,blue,0.7159,928.60,910.87,828,807,201,202,30114.00
capture_1776885033252.jpg,blue,0.7260,1318.46,402.08,1232,319,175,170,22762.50
capture_1776885033252.jpg,green,0.7138,793.04,746.18,717,653,148,181,19525.50
capture_1776885033252.jpg,green,0.7342,717.65,535.27,639,457,158,158,19532.00
capture_1776885033252.jpg,green,0.7244,788.62,295.85,695,208,184,181,25358.00
capture_1776885033252.jpg,green,0.7254,1158.51,221.48,1073,139,167,164,20933.50
capture_1776885033252.jpg,red,0.7198,1141.60,509.55,1063,427,159,173,20178.00
capture_1776885033252.jpg,red,0.7249,968.30,435.90,888,357,160,159,19101.50
capture_1776885033383.jpg,blue,0.7225,910.39,882.87,809,781,198,196,29226.50
capture_1776885033383.jpg,blue,0.4009,1679.49,489.62,1658,457,57,77,1538.00
capture_1776885033383.jpg,blue,0.7269,1320.18,391.57,1234,309,175,169,22692.50
capture_1776885033383.jpg,green,0.7148,781.55,713.88,705,623,150,177,19588.00
capture_1776885033383.jpg,green,0.7282,713.02,498.56,634,420,160,160,19825.00
capture_1776885033383.jpg,green,0.7207,793.54,258.56,698,170,187,184,25994.00
capture_1776885033383.jpg,green,0.7255,1168.83,200.53,1084,117,166,168,21218.00
capture_1776885033383.jpg,red,0.7202,1137.70,491.16,1058,408,161,176,20789.00
capture_1776885033383.jpg,red,0.7263,969.32,410.11,887,328,161,162,19455.50
capture_1776885033549.jpg,blue,0.7216,891.86,876.41,791,776,197,197,29348.50
capture_1776885033549.jpg,blue,0.7246,1321.78,399.76,1235,316,176,170,22773.00
capture_1776885033549.jpg,green,0.7171,770.61,700.02,695,609,149,178,19720.00
capture_1776885033549.jpg,green,0.7321,711.67,479.68,633,400,158,163,19956.50
capture_1776885033549.jpg,green,0.7193,803.75,240.90,708,151,188,187,26225.50
capture_1776885033549.jpg,green,0.7250,1181.54,200.17,1096,115,166,170,21315.50
capture_1776885033549.jpg,red,0.7243,1135.22,491.62,1058,408,158,176,20573.50
capture_1776885033549.jpg,red,0.7248,973.11,403.00,888,320,163,162,19336.00
capture_1776885033647.jpg,blue,0.7212,866.68,888.72,766,787,198,198,29357.00
capture_1776885033647.jpg,blue,0.3931,1651.68,544.70,1626,514,61,76,1568.00
capture_1776885033647.jpg,blue,0.7225,1308.18,423.86,1220,341,178,169,22582.00
capture_1776885033647.jpg,green,0.7172,751.03,710.56,674,619,151,177,19627.50
capture_1776885033647.jpg,green,0.7303,699.59,490.13,622,409,157,164,19870.00
capture_1776885033647.jpg,green,0.7209,798.09,255.22,703,166,187,184,25766.00
capture_1776885033647.jpg,green,0.7217,1173.88,222.94,1090,139,164,171,21027.00
capture_1776885033647.jpg,red,0.7216,1119.79,509.80,1044,427,157,178,20371.00
capture_1776885033647.jpg,red,0.7301,963.17,420.13,880,337,160,162,19297.50
capture_1776885033780.jpg,blue,0.7248,843.77,883.73,744,785,196,194,29140.50
capture_1776885033780.jpg,blue,0.7229,1281.81,428.28,1198,347,170,168,21565.50
capture_1776885033780.jpg,green,0.7177,728.43,704.74,650,617,154,173,19520.00
capture_1776885033780.jpg,green,0.7276,677.40,483.35,598,403,159,163,19804.50
capture_1776885033780.jpg,green,0.7133,777.52,250.26,682,162,193,184,25954.50
capture_1776885033780.jpg,green,0.7215,1150.94,227.43,1068,145,162,167,20443.00
capture_1776885033780.jpg,red,0.7170,1097.08,509.98,1021,426,156,177,20020.00
capture_1776885033780.jpg,red,0.7245,941.58,418.10,858,336,160,160,18771.50
capture_1776885033911.jpg,blue,0.7201,807.53,847.95,704,752,200,190,28393.50
capture_1776885033911.jpg,blue,0.4277,1595.52,565.44,1566,535,64,73,1806.00
capture_1776885033911.jpg,blue,0.7266,1273.32,423.80,1189,343,170,164,21309.50
capture_1776885033911.jpg,green,0.7189,704.64,665.61,627,579,154,170,19431.00
capture_1776885033911.jpg,green,0.7305,667.16,442.59,590,361,157,164,19907.00
capture_1776885033911.jpg,green,0.7272,1157.12,215.07,1077,132,159,168,20414.50
capture_1776885033911.jpg,green,0.7085,781.72,214.57,685,125,198,185,26267.50
capture_1776885033911.jpg,red,0.7248,1083.90,493.69,1011,410,152,178,19885.50
capture_1776885033911.jpg,red,0.7300,937.28,394.00,853,310,161,160,18905.00
capture_1776885034042.jpg,blue,0.7236,798.42,843.80,698,747,198,189,28236.00
capture_1776885034042.jpg,blue,0.4255,1589.01,579.06,1557,546,71,76,1928.00
capture_1776885034042.jpg,blue,0.7235,1270.71,429.26,1186,348,171,165,21249.50
capture_1776885034042.jpg,green,0.7148,697.28,660.35,618,573,156,171,19481.00
capture_1776885034042.jpg,green,0.7345,662.71,435.61,585,355,157,163,20104.50
capture_1776885034042.jpg,green,0.7238,1158.87,217.32,1078,134,160,169,20533.50
capture_1776885034042.jpg,green,0.7077,782.34,208.24,686,118,199,187,26589.50
capture_1776885034042.jpg,red,0.7269,1079.93,496.47,1008,414,152,177,20012.50
capture_1776885034042.jpg,red,0.7303,935.66,392.89,850,308,163,160,19000.50
capture_1776885034176.jpg,blue,0.7171,792.12,813.15,689,716,200,188,27970.50
capture_1776885034176.jpg,blue,0.7291,1277.84,421.95,1194,342,171,164,21578.50
capture_1776885034176.jpg,green,0.7138,696.64,629.19,616,542,158,170,19549.50
capture_1776885034176.jpg,green,0.7327,668.69,405.92,592,326,156,164,19933.00
capture_1776885034176.jpg,green,0.7139,1172.79,206.12,1090,121,163,174,20694.50
capture_1776885034176.jpg,green,0.7117,793.28,183.84,697,93,198,187,26839.50
capture_1776885034176.jpg,red,0.7202,1084.33,481.73,1014,399,149,180,19589.50
capture_1776885034176.jpg,red,0.7309,942.01,372.28,858,288,161,159,18901.00
capture_1776885034307.jpg,blue,0.7219,775.26,797.04,672,701,201,186,28058.50
capture_1776885034307.jpg,blue,0.4194,1582.35,589.72,1548,558,68,73,1763.50
capture_1776885034307.jpg,blue,0.7232,1278.90,417.38,1195,336,171,167,21669.50
capture_1776885034307.jpg,green,0.7189,688.90,607.87,609,524,159,166,19605.50
capture_1776885034307.jpg,green,0.7285,669.75,380.65,592,298,157,168,20363.50
capture_1776885034307.jpg,green,0.7241,1183.78,193.75,1103,108,160,175,21176.50
capture_1776885034307.jpg,green,0.7041,803.83,158.20,706,65,205,192,27686.50
capture_1776885034307.jpg,red,0.7264,1082.09,471.01,1010,389,152,180,20236.50
capture_1776885034307.jpg,red,0.7288,946.40,356.05,862,268,162,163,19252.00
capture_1776885034440.jpg,blue,0.7260,722.33,809.45,620,715,201,186,28566.00
capture_1776885034440.jpg,blue,0.4253,1527.66,632.04,1493,602,72,67,1764.50
capture_1776885034440.jpg,blue,0.7260,1238.29,451.20,1156,372,167,161,20654.50
capture_1776885034440.jpg,green,0.7241,641.53,616.04,561,534,162,164,19913.50
capture_1776885034440.jpg,green,0.7279,633.12,385.98,555,300,158,172,20711.50
capture_1776885034440.jpg,green,0.7278,1154.10,227.83,1076,144,156,170,20366.00
capture_1776885034440.jpg,green,0.7034,780.10,171.65,684,80,204,192,27377.00
capture_1776885034440.jpg,red,0.7215,1042.58,493.81,972,411,149,182,19702.50
capture_1776885034440.jpg,red,0.7268,913.49,374.85,827,287,165,162,19142.50
capture_1776885034570.jpg,blue,0.7195,708.67,781.17,602,685,206,186,28474.50
capture_1776885034570.jpg,blue,0.3890,1519.08,640.91,1478,611,79,68,1700.00
capture_1776885034570.jpg,blue,0.7268,1238.27,447.38,1156,368,167,160,20617.50
capture_1776885034570.jpg,green,0.7235,636.15,585.29,553,504,165,162,19993.50
capture_1776885034570.jpg,green,0.7155,636.00,355.74,557,268,160,175,20638.00
capture_1776885034570.jpg,green,0.7282,1163.58,219.66,1084,136,157,171,20509.50
capture_1776885034570.jpg,green,0.7060,790.41,146.48,695,54,205,191,27767.00
capture_1776885034570.jpg,red,0.7335,1041.92,482.65,974,399,145,180,19702.50
capture_1776885034570.jpg,red,0.7278,916.97,355.84,831,268,166,160,19176.00
capture_1776885034669.jpg,blue,0.7193,678.69,769.13,571,675,209,185,28736.50
capture_1776885034669.jpg,blue,0.4259,1487.19,649.28,1454,620,69,64,1653.00
capture_1776885034669.jpg,blue,0.7327,1217.00,449.35,1136,371,165,158,20325.00
capture_1776885034669.jpg,green,0.7164,609.78,569.87,525,486,169,165,20410.50
capture_1776885034669.jpg,green,0.7256,615.10,336.99,537,249,159,176,21175.50
capture_1776885034669.jpg,green,0.7240,1149.24,219.65,1069,136,158,173,20487.50
capture_1776885034669.jpg,green,0.7027,777.68,130.91,682,37,208,194,28383.50
capture_1776885034669.jpg,red,0.7258,1019.97,478.05,950,396,148,180,19874.00
capture_1776885034669.jpg,red,0.7290,899.29,347.01,814,260,166,160,19235.50
capture_1776885035298.jpg,blue,0.4039,1527.55,684.60,1484,654,92,64,1956.00
capture_1776885035298.jpg,blue,0.7183,701.42,729.06,594,638,207,183,28104.00
capture_1776885035298.jpg,blue,0.7285,1266.93,458.07,1183,378,169,161,21023.50
capture_1776885035298.jpg,green,0.7262,650.09,524.97,566,448,168,157,20020.00
capture_1776885035298.jpg,green,0.7219,675.17,294.48,598,206,158,179,21031.00
capture_1776885035298.jpg,green,0.7286,1220.73,219.36,1142,136,158,175,21131.00
capture_1776885035298.jpg,red,0.7247,1063.69,469.64,995,385,149,185,20248.50
capture_1776885035298.jpg,red,0.7233,955.30,327.38,867,240,169,161,19355.00
capture_1776885035562.jpg,blue,0.7193,746.91,748.61,643,656,202,182,27402.50
capture_1776885035562.jpg,blue,0.4173,1573.99,639.07,1533,607,80,66,1879.50
capture_1776885035562.jpg,blue,0.7295,1289.88,431.95,1205,351,172,164,21729.50
capture_1776885035562.jpg,green,0.7214,679.48,551.48,598,472,164,160,19686.50
capture_1776885035562.jpg,green,0.7215,684.61,321.38,607,233,157,176,20667.50
capture_1776885035562.jpg,green,0.7257,1223.20,197.12,1142,112,161,174,21456.50
capture_1776885035562.jpg,red,0.7311,1086.11,462.02,1016,379,150,181,20512.00
capture_1776885035562.jpg,red,0.7275,965.80,329.74,879,241,167,163,19554.50
capture_1776885035727.jpg,blue,0.7165,810.78,763.92,707,669,200,185,27446.00
capture_1776885035727.jpg,blue,0.7246,1313.12,389.32,1226,308,177,167,22493.50
capture_1776885035727.jpg,green,0.7190,720.37,575.20,641,490,156,167,19468.50
capture_1776885035727.jpg,green,0.7277,698.77,347.62,622,264,156,170,20236.50
capture_1776885035727.jpg,green,0.7227,1219.67,162.67,1136,75,164,178,21941.00
capture_1776885035727.jpg,red,0.7239,1112.49,442.80,1042,359,149,181,19955.00
capture_1776885035727.jpg,red,0.7278,975.26,324.09,890,238,165,162,19316.50
capture_1776885036222.jpg,blue,0.7290,1070.72,825.22,975,725,196,193,29330.50
capture_1776885036222.jpg,blue,0.7275,1341.50,243.10,1253,155,179,179,24535.00
capture_1776885036222.jpg,green,0.7184,899.67,694.62,829,600,143,184,19381.00
capture_1776885036222.jpg,green,0.7229,777.37,506.97,697,427,161,161,19677.00
capture_1776885036222.jpg,green,0.7263,791.87,250.11,699,157,181,189,26313.00
capture_1776885036222.jpg,red,0.7098,1185.76,392.23,1098,308,166,169,19978.50
capture_1776885036222.jpg,red,0.7231,995.31,352.44,918,272,154,166,19407.00
capture_1776885036487.jpg,blue,0.7249,1228.67,810.94,1136,705,192,213,31190.50
capture_1776885036487.jpg,blue,0.7264,1263.40,168.95,1172,80,180,178,24640.50
capture_1776885036487.jpg,green,0.7087,1019.84,750.53,950,651,144,192,19663.00
capture_1776885036487.jpg,green,0.7212,837.20,621.34,752,546,168,153,19237.50
capture_1776885036487.jpg,green,0.7315,760.81,386.37,672,296,175,178,24327.00
capture_1776885036487.jpg,red,0.7283,982.25,399.59,908,319,149,166,19070.50
capture_1776885036487.jpg,red,0.7204,1173.09,361.81,1086,285,173,150,19318.00
capture_1776885036783.jpg,blue,0.7168,1386.73,781.28,1280,675,215,221,35258.50
capture_1776885036783.jpg,blue,0.7279,1223.43,139.67,1136,49,174,180,24289.00
capture_1776885036783.jpg,green,0.7082,1156.21,771.90,1080,677,159,186,21011.00
capture_1776885036783.jpg,green,0.7141,939.25,688.90,854,613,174,154,19661.00
capture_1776885036783.jpg,green,0.7311,803.61,482.27,718,391,173,174,23409.00
capture_1776885036783.jpg,green,0.7248,977.32,153.54,895,74,172,159,20587.50
capture_1776885036783.jpg,red,0.7256,1020.32,433.31,939,352,155,167,19175.00
capture_1776885036783.jpg,red,0.7153,1187.76,348.91,1102,273,183,147,19644.50
capture_1776885037113.jpg,blue,0.7138,1543.32,688.22,1417,578,248,230,41993.00
capture_1776885037113.jpg,green,0.7096,1300.77,738.48,1206,653,187,172,23149.50
capture_1776885037113.jpg,green,0.7215,1059.11,711.13,971,635,178,153,20187.50
capture_1776885037113.jpg,green,0.7179,873.42,546.01,790,455,173,181,23048.50
capture_1776885037113.jpg,green,0.7245,952.92,185.32,873,107,165,160,19944.00
capture_1776885037113.jpg,red,0.7256,1070.57,437.77,985,356,158,172,19495.50
capture_1776885037113.jpg,red,0.7176,1208.28,308.82,1122,233,182,146,19069.00
capture_1776885037113.jpg,red,0.5505,329.18,156.56,286,93,88,115,4027.50
capture_1776885191422.jpg,blue,0.3824,995.79,740.78,966,704,58,85,1520.00
capture_1776885191422.jpg,blue,0.7143,1166.48,720.40,1060,616,209,212,32502.00
capture_1776885191422.jpg,blue,0.4664,1475.88,634.04,1406,572,123,98,3665.00
capture_1776885191422.jpg,green,0.7220,945.02,715.16,869,629,152,174,19693.00
capture_1776885191422.jpg,green,0.7092,922.19,520.52,824,442,185,161,21526.00
capture_1776885191422.jpg,green,0.7309,931.63,328.49,840,241,187,174,25512.50
capture_1776885191422.jpg,red,0.7169,1211.03,489.20,1139,413,144,155,16596.00
capture_1776885191422.jpg,red,0.6949,1180.65,286.59,1112,215,135,150,14105.00
capture_1776885192675.jpg,blue,0.7271,771.36,752.18,678,648,189,212,30862.50
capture_1776885192675.jpg,blue,0.5177,1659.24,395.90,1578,321,176,182,8958.50
capture_1776885192675.jpg,green,0.7220,531.69,776.38,448,685,167,181,23019.50
capture_1776885192675.jpg,green,0.7321,491.15,558.02,392,475,198,168,26128.00
capture_1776885192675.jpg,green,0.7213,481.79,340.57,369,247,227,189,32233.00
capture_1776885192675.jpg,red,0.7112,792.89,508.27,731,434,125,146,13218.00
capture_1776885192675.jpg,red,0.6900,753.29,299.51,680,232,136,148,13282.50
capture_1776885193400.jpg,blue,0.7259,942.07,732.82,850,630,186,208,29589.50
capture_1776885193400.jpg,green,0.7305,713.88,768.69,638,678,155,177,21317.50
capture_1776885193400.jpg,green,0.7362,659.21,563.92,566,484,185,161,23657.50
capture_1776885193400.jpg,green,0.7316,637.13,360.03,536,270,205,182,29135.50
capture_1776885193400.jpg,red,0.7128,947.24,492.16,876,412,140,158,16276.50
capture_1776885193400.jpg,red,0.6963,892.46,292.25,818,221,144,151,15013.00
capture_1776885193599.jpg,blue,0.7246,1004.43,755.66,911,652,188,209,29921.00
capture_1776885193599.jpg,green,0.7218,777.79,792.00,702,702,154,179,20760.50
capture_1776885193599.jpg,green,0.7335,722.56,591.10,630,512,182,159,22720.00
capture_1776885193599.jpg,green,0.7324,699.63,392.63,602,305,198,177,27373.00
capture_1776885193599.jpg,red,0.7087,1006.03,514.95,934,434,144,161,16592.50
capture_1776885193599.jpg,red,0.6996,947.91,321.47,872,248,148,152,15197.00
capture_1776885193764.jpg,blue,0.7256,1048.00,765.45,954,660,189,213,30827.50
capture_1776885193764.jpg,green,0.7277,822.33,803.39,748,714,152,178,20638.00
capture_1776885193764.jpg,green,0.7300,763.95,602.00,672,522,181,160,22550.50
capture_1776885193764.jpg,green,0.7310,737.66,403.80,641,316,195,177,26880.50
capture_1776885193764.jpg,green,0.7252,725.51,138.32,640,49,174,176,23333.50
capture_1776885193764.jpg,red,0.7253,1045.04,520.63,973,440,141,158,17005.00
capture_1776885193764.jpg,red,0.6980,983.00,328.77,902,257,154,149,15565.00
capture_1776885193896.jpg,blue,0.7216,1069.71,799.72,972,691,194,220,32207.50
capture_1776885193896.jpg,blue,0.7295,979.07,137.44,893,43,171,187,24895.50
capture_1776885193896.jpg,green,0.7182,841.32,836.71,766,741,154,186,21320.00
capture_1776885193896.jpg,green,0.7280,784.82,631.82,693,549,181,163,22700.50
capture_1776885193896.jpg,green,0.7300,761.34,433.29,665,345,195,176,26674.00
capture_1776885193896.jpg,green,0.7221,752.43,169.26,669,80,172,178,22821.50
capture_1776885193896.jpg,red,0.7169,1068.95,550.57,998,470,142,161,16975.50
capture_1776885193896.jpg,red,0.7041,1007.31,356.40,926,285,154,148,15799.00
capture_1776885194226.jpg,blue,0.7263,1126.00,847.48,1028,738,198,222,33752.00
capture_1776885194226.jpg,blue,0.7335,1034.43,185.72,949,96,170,179,23860.00
capture_1776885194226.jpg,green,0.7251,891.99,879.96,817,788,154,182,21536.50
capture_1776885194226.jpg,green,0.7283,838.24,673.09,747,592,180,162,22539.00
capture_1776885194226.jpg,green,0.7319,817.15,476.29,722,390,193,174,26178.00
capture_1776885194226.jpg,green,0.7200,810.78,221.45,729,135,170,173,21985.50
capture_1776885194226.jpg,red,0.7133,1121.83,591.35,1056,513,133,154,14912.50
capture_1776885194226.jpg,red,0.7022,1063.32,401.85,977,331,163,149,16841.00
capture_1776885194491.jpg,blue,0.7225,1091.16,807.61,994,700,194,217,31916.00
capture_1776885194491.jpg,blue,0.7297,1020.49,147.53,934,56,173,182,24394.00
capture_1776885194491.jpg,green,0.7273,859.35,835.88,785,747,153,177,20664.00
capture_1776885194491.jpg,green,0.7303,811.01,631.56,720,554,180,157,22009.00
capture_1776885194491.jpg,green,0.7277,792.88,434.81,698,350,194,172,25633.00
capture_1776885194491.jpg,green,0.7197,792.16,176.15,710,90,173,173,22162.00
capture_1776885194491.jpg,red,0.7056,1094.65,557.62,1032,485,128,142,12659.00
capture_1776885194491.jpg,red,0.6986,1036.18,359.21,968,301,133,122,11162.00
capture_1776885194786.jpg,blue,0.7276,1029.67,792.94,935,687,190,214,31294.00
capture_1776885194786.jpg,green,0.7280,798.23,809.02,723,720,153,178,20949.00
capture_1776885194786.jpg,green,0.7356,761.48,601.96,672,524,177,159,22221.00
capture_1776885194786.jpg,green,0.7257,752.46,398.91,656,314,198,172,25779.50
capture_1776885194786.jpg,green,0.7189,765.85,132.59,682,48,174,170,22030.00
capture_1776885194786.jpg,red,0.7064,1052.29,548.67,978,465,146,166,17145.50
capture_1776885194786.jpg,red,0.6807,995.99,334.30,944,284,96,100,5887.00
capture_1776885194919.jpg,blue,0.7277,982.90,786.29,888,681,191,212,31135.50
capture_1776885194919.jpg,green,0.7281,750.77,786.70,673,700,156,176,21123.00
capture_1776885194919.jpg,green,0.7326,730.96,577.75,643,500,177,162,22552.00
capture_1776885194919.jpg,green,0.7217,738.49,373.49,641,287,200,174,26300.50
capture_1776885194919.jpg,red,0.7177,1025.54,546.57,954,463,143,163,17170.00
capture_1776885194919.jpg,red,0.6645,994.03,335.91,942,279,101,122,7491.00
capture_1776885195051.jpg,blue,0.7244,974.43,804.46,880,698,190,214,30893.50
capture_1776885195051.jpg,blue,0.7226,1013.69,135.99,925,45,175,184,24439.00
capture_1776885195051.jpg,green,0.7301,741.20,796.13,665,708,154,176,21203.00
capture_1776885195051.jpg,green,0.7291,726.02,585.85,637,507,178,164,22521.50
capture_1776885195051.jpg,green,0.7188,738.92,381.93,641,295,202,175,26385.50
capture_1776885195051.jpg,red,0.7119,1021.88,565.42,950,483,143,165,17133.50
capture_1776885195051.jpg,red,0.6580,997.72,357.45,939,293,112,130,8446.50
capture_1776885195183.jpg,blue,0.7273,961.56,793.03,868,688,189,213,30839.50
capture_1776885195183.jpg,green,0.7329,729.86,772.85,654,686,153,177,21175.50
capture_1776885195183.jpg,green,0.7265,724.56,562.27,637,482,176,166,22367.00
capture_1776885195183.jpg,green,0.7254,747.00,359.83,650,273,201,172,26260.50
capture_1776885195183.jpg,red,0.7215,1020.57,556.75,951,474,138,164,16950.50
capture_1776885195183.jpg,red,0.6487,1006.59,348.16,952,283,104,132,7844.00
capture_1776885195281.jpg,blue,0.7205,947.14,811.70,850,705,195,215,31533.00
capture_1776885195281.jpg,blue,0.7199,1045.99,143.33,956,53,176,185,24382.00
capture_1776885195281.jpg,green,0.7261,715.81,785.06,637,696,157,180,21641.50
capture_1776885195281.jpg,green,0.7266,719.79,572.29,631,492,177,167,22726.00
capture_1776885195281.jpg,green,0.7215,751.03,369.14,654,282,201,175,26410.00
capture_1776885195281.jpg,red,0.7234,1016.04,574.67,945,496,142,160,17180.00
capture_1776885195281.jpg,red,0.6548,1010.85,365.13,960,300,109,139,8647.00
capture_1776885195413.jpg,blue,0.7246,883.65,825.98,786,720,194,213,31477.50
capture_1776885195413.jpg,blue,0.7168,1057.64,181.16,968,92,176,183,23864.50
capture_1776885195413.jpg,green,0.7292,654.80,771.28,576,681,158,179,21714.50
capture_1776885195413.jpg,green,0.7271,684.90,559.52,599,476,175,172,23054.50
capture_1776885195413.jpg,green,0.7146,739.81,362.38,642,275,203,178,26329.50
capture_1776885195413.jpg,red,0.7223,979.75,599.72,911,522,139,160,16766.50
capture_1776885195413.jpg,red,0.6622,999.36,392.05,945,324,109,140,9073.50
capture_1776885195546.jpg,blue,0.7287,878.27,794.86,784,689,190,212,31044.50
capture_1776885195546.jpg,blue,0.7213,1094.68,158.15,1004,68,178,184,24492.00
capture_1776885195546.jpg,green,0.7278,655.42,725.66,576,638,158,177,21583.00
capture_1776885195546.jpg,green,0.7242,698.58,515.92,612,432,174,175,22959.50
capture_1776885195546.jpg,green,0.7201,762.96,322.98,666,234,203,179,26735.50
capture_1776885195546.jpg,red,0.7194,988.97,576.12,917,497,142,158,16797.50
capture_1776885195546.jpg,red,0.6526,1023.04,370.04,970,298,103,148,8603.50
capture_1776885195678.jpg,blue,0.7264,820.01,808.75,723,703,195,211,31573.00
capture_1776885195678.jpg,blue,0.7169,1105.49,203.72,1017,115,174,181,23433.50
capture_1776885195678.jpg,green,0.7287,603.75,716.86,521,630,163,174,21948.00
capture_1776885195678.jpg,green,0.7339,674.00,507.34,585,423,173,179,23174.50
capture_1776885195678.jpg,green,0.7236,756.24,329.99,662,237,202,180,26741.50
capture_1776885195678.jpg,red,0.7145,954.79,601.98,882,523,144,160,16902.50
capture_1776885195678.jpg,red,0.6556,1011.27,400.97,954,328,112,150,9591.50
capture_1776885195777.jpg,blue,0.7263,824.54,798.25,728,694,195,208,31225.50
capture_1776885195777.jpg,blue,0.7142,1125.89,206.08,1033,119,180,179,23612.00
capture_1776885195777.jpg,green,0.7260,611.70,699.00,529,613,163,174,21792.00
capture_1776885195777.jpg,green,0.7335,685.87,493.86,598,411,172,178,23035.50
capture_1776885195777.jpg,green,0.7251,771.52,320.83,678,227,201,181,26496.00
capture_1776885195777.jpg,red,0.7157,964.05,597.68,890,522,148,156,16999.00
capture_1776885195777.jpg,red,0.6755,1025.58,400.94,978,326,101,151,9320.00
capture_1776885195909.jpg,blue,0.7259,814.16,839.97,716,730,197,219,32975.00
capture_1776885195909.jpg,blue,0.7185,1152.24,254.88,1062,168,177,178,23361.00
capture_1776885195909.jpg,green,0.7261,607.57,725.29,523,638,166,177,22228.00
capture_1776885195909.jpg,green,0.7364,696.37,521.70,609,436,171,182,23282.00
capture_1776885195909.jpg,green,0.7305,793.80,353.66,701,260,199,179,26294.50
capture_1776885195909.jpg,green,0.7172,955.21,132.84,865,53,178,163,21533.00
capture_1776885195909.jpg,red,0.7216,966.75,641.28,894,564,146,158,17398.00
capture_1776885195909.jpg,red,0.6750,1041.73,444.36,994,369,104,156,10345.50
capture_1776885196041.jpg,blue,0.7224,815.08,861.72,716,752,200,217,32816.00
capture_1776885196041.jpg,blue,0.7264,1177.70,307.10,1091,224,173,171,22620.50
capture_1776885196041.jpg,green,0.7268,615.77,735.28,530,650,166,174,21741.00
capture_1776885196041.jpg,green,0.7392,712.68,542.37,625,457,170,180,22702.00
capture_1776885196041.jpg,green,0.7333,816.74,385.10,726,293,196,175,25465.00
capture_1776885196041.jpg,green,0.7215,986.32,178.72,897,102,175,156,20568.00
capture_1776885196041.jpg,red,0.7170,977.12,675.21,902,600,148,155,17068.00
capture_1776885196041.jpg,red,0.6842,1059.85,482.31,1008,413,109,147,10694.50
capture_1776885196140.jpg,blue,0.7278,820.64,791.87,722,689,198,204,31081.00
capture_1776885196140.jpg,blue,0.7182,1240.71,272.18,1150,186,180,177,23710.50
capture_1776885196140.jpg,green,0.7234,637.18,650.02,549,567,169,171,21176.50
capture_1776885196140.jpg,green,0.7433,747.68,470.13,662,383,169,180,22573.00
capture_1776885196140.jpg,green,0.7353,867.14,321.87,778,226,194,180,25926.50
capture_1776885196140.jpg,red,0.7158,998.96,624.57,924,550,153,152,17077.50
capture_1776885196140.jpg,red,0.6878,1102.03,442.98,1055,368,105,152,10661.00
capture_1776885196273.jpg,blue,0.7301,808.04,740.68,711,640,196,200,30554.00
capture_1776885196273.jpg,blue,0.7267,1263.96,252.75,1174,165,182,179,24918.50
capture_1776885196273.jpg,green,0.7264,633.81,587.06,546,506,169,169,21268.00
capture_1776885196273.jpg,green,0.7437,753.55,416.37,669,326,168,184,22722.00
capture_1776885196273.jpg,green,0.7383,881.95,274.79,791,176,195,184,26808.50
capture_1776885196273.jpg,red,0.7251,995.63,589.41,920,518,152,147,17115.50
capture_1776885196273.jpg,red,0.6811,1109.52,417.62,1057,340,105,155,10315.50
capture_1776885196405.jpg,blue,0.7289,793.47,720.69,695,620,198,201,30837.00
capture_1776885196405.jpg,blue,0.7298,1300.41,267.24,1210,177,182,182,25886.00
capture_1776885196405.jpg,green,0.7236,636.19,549.30,547,468,173,171,21577.00
capture_1776885196405.jpg,green,0.7423,771.37,387.52,685,293,170,189,23397.00
capture_1776885196405.jpg,green,0.7418,917.56,255.50,828,153,192,191,27822.00
capture_1776885196405.jpg,red,0.7142,995.97,585.14,918,510,155,155,17538.50
capture_1776885196405.jpg,red,0.6974,1126.69,419.44,1072,346,110,151,11215.50
capture_1776885196536.jpg,blue,0.7277,773.28,722.40,673,624,201,197,30675.00
capture_1776885196536.jpg,blue,0.7241,1300.00,311.55,1210,225,183,176,24520.50
capture_1776885196536.jpg,green,0.7222,624.51,545.72,533,467,177,165,21279.50
capture_1776885196536.jpg,green,0.7388,768.31,396.05,683,302,170,187,22904.00
capture_1776885196536.jpg,green,0.7430,921.40,276.15,834,178,187,183,26475.00
capture_1776885196536.jpg,red,0.7167,983.19,601.62,906,529,156,149,16969.50
capture_1776885196536.jpg,red,0.6649,1123.17,447.57,1066,368,115,156,11128.00
capture_1776885196634.jpg,blue,0.7290,772.24,699.42,672,602,201,195,30436.00
capture_1776885196634.jpg,blue,0.7280,1320.51,301.94,1230,214,183,178,25246.00
capture_1776885196634.jpg,green,0.7236,631.14,515.19,541,436,176,167,21604.00
capture_1776885196634.jpg,green,0.7412,781.84,368.46,698,274,168,188,23177.00
capture_1776885196634.jpg,green,0.7475,942.28,251.51,855,150,186,190,27831.00
capture_1776885196634.jpg,red,0.7227,987.77,585.52,910,512,156,149,17420.00
capture_1776885196634.jpg,red,0.6959,1133.72,437.04,1082,364,112,147,11183.50
capture_1776885196766.jpg,blue,0.7292,751.90,688.08,650,591,204,195,30824.00
capture_1776885196766.jpg,blue,0.7251,1318.67,318.08,1228,229,185,182,25859.50
capture_1776885196766.jpg,green,0.7166,619.43,493.09,525,413,182,168,21863.00
capture_1776885196766.jpg,green,0.7387,776.39,353.90,692,257,170,192,23562.00
capture_1776885196766.jpg,green,0.7426,942.11,245.34,854,141,187,196,28398.50
capture_1776885196766.jpg,red,0.7232,973.43,584.48,896,512,159,148,17617.50
capture_1776885196766.jpg,red,0.6889,1125.61,441.53,1071,362,116,155,11990.00
capture_1776885196867.jpg,blue,0.7273,777.50,706.56,675,609,205,195,30772.00
capture_1776885196867.jpg,blue,0.7204,1371.89,372.91,1279,284,189,184,26213.50
capture_1776885196867.jpg,green,0.7226,660.24,504.72,569,425,179,166,21456.00
capture_1776885196867.jpg,green,0.7379,825.05,376.77,743,280,167,190,23201.00
capture_1776885196867.jpg,green,0.7459,998.50,279.14,911,178,184,191,27793.00
capture_1776885196867.jpg,green,0.7338,1255.56,157.49,1165,73,183,165,23700.00
capture_1776885196867.jpg,red,0.7201,1004.72,618.32,928,544,159,151,17834.00
capture_1776885196867.jpg,red,0.6949,1166.75,484.88,1111,411,117,149,11795.00
capture_1776885197030.jpg,blue,0.7282,749.63,693.25,646,598,207,191,30559.00
capture_1776885197030.jpg,blue,0.7280,1373.78,418.33,1281,332,188,173,25066.00
capture_1776885197030.jpg,green,0.7196,651.80,482.19,560,405,182,161,21415.50
capture_1776885197030.jpg,green,0.7308,829.54,371.34,748,276,167,187,23073.00
capture_1776885197030.jpg,green,0.7435,1016.71,289.05,929,190,181,190,27621.00
capture_1776885197030.jpg,green,0.7289,1281.45,195.90,1193,112,179,167,23202.00
capture_1776885197030.jpg,red,0.7135,984.26,626.34,904,554,161,150,17643.00
capture_1776885197030.jpg,red,0.6892,1160.04,507.72,1098,430,124,149,12100.50
capture_1776885197129.jpg,blue,0.7257,720.33,692.49,615,597,209,191,30579.00
capture_1776885197129.jpg,blue,0.7341,1359.08,449.06,1273,361,177,178,24872.00
capture_1776885197129.jpg,green,0.7220,633.84,472.55,543,396,183,160,21589.00
capture_1776885197129.jpg,green,0.7296,818.41,370.90,738,276,166,187,23328.50
capture_1776885197129.jpg,green,0.7380,1011.03,297.40,923,199,179,195,27755.50
capture_1776885197129.jpg,green,0.7226,1275.59,218.00,1189,133,176,176,23470.00
capture_1776885197129.jpg,red,0.7271,959.54,637.37,883,564,159,148,17947.50
capture_1776885197129.jpg,red,0.6809,1141.87,528.28,1072,453,133,148,12603.00
capture_1776885197260.jpg,blue,0.7217,672.86,703.32,565,607,215,192,31088.50
capture_1776885197260.jpg,blue,0.7242,1335.17,539.38,1252,453,171,178,23157.00
capture_1776885197260.jpg,green,0.7205,613.12,470.47,522,392,186,160,22222.00
capture_1776885197260.jpg,green,0.7233,813.14,391.48,734,295,163,190,23372.50
capture_1776885197260.jpg,green,0.7290,1012.65,345.25,925,248,176,196,26720.50
capture_1776885197260.jpg,green,0.7219,1279.33,303.87,1196,219,171,176,22641.50
capture_1776885197260.jpg,red,0.7139,919.56,676.24,840,598,164,153,18228.50
capture_1776885197260.jpg,red,0.6776,1114.09,587.86,1042,514,134,141,11831.50
capture_1776885197394.jpg,blue,0.7268,659.61,661.25,552,568,212,188,30514.00
capture_1776885197394.jpg,blue,0.7282,1333.55,584.88,1248,499,174,170,23006.00
capture_1776885197394.jpg,green,0.7231,625.67,426.37,536,352,187,154,21835.00
capture_1776885197394.jpg,green,0.7296,833.49,373.74,754,280,162,184,23152.50
capture_1776885197394.jpg,green,0.7196,1306.40,347.56,1222,264,171,174,22291.50
capture_1776885197394.jpg,green,0.7304,1036.49,353.08,950,256,174,198,26816.00
capture_1776885197394.jpg,red,0.7203,906.56,666.79,826,593,165,148,18279.50
capture_1776885197394.jpg,red,0.6662,1108.59,604.47,1030,530,146,139,12530.00
capture_1776885197525.jpg,blue,0.7263,660.64,626.99,554,534,213,187,30487.50
capture_1776885197525.jpg,blue,0.7273,1339.18,609.70,1252,523,176,170,22966.50
capture_1776885197525.jpg,green,0.7249,645.62,392.77,555,316,185,155,21767.50
capture_1776885197525.jpg,green,0.7194,1333.09,372.23,1247,288,172,175,22440.50
capture_1776885197525.jpg,green,0.7326,857.14,358.17,775,268,163,180,23082.00
capture_1776885197525.jpg,green,0.7299,1062.04,354.16,974,257,176,196,26722.00
capture_1776885197525.jpg,red,0.7178,905.43,653.49,824,577,166,149,18394.50
capture_1776885197525.jpg,red,0.6757,1112.39,610.01,1038,537,143,137,12284.00
capture_1776885197626.jpg,blue,0.7230,1334.71,617.15,1244,530,180,170,23321.00
capture_1776885197626.jpg,blue,0.7242,655.97,592.89,548,500,216,187,30785.50
capture_1776885197626.jpg,green,0.7122,1345.31,378.33,1256,292,177,180,23200.00
capture_1776885197626.jpg,green,0.7199,655.09,357.67,565,279,188,159,22283.00
capture_1776885197626.jpg,green,0.7315,1075.01,343.44,987,245,177,200,27584.00
capture_1776885197626.jpg,green,0.7273,868.84,335.51,782,245,169,181,23741.00
capture_1776885197626.jpg,red,0.7165,898.44,634.60,820,569,157,132,15325.50
capture_1776885197626.jpg,red,0.6808,1114.17,599.95,1056,548,116,98,7019.00
capture_1776885197757.jpg,blue,0.7173,1337.14,654.38,1247,564,181,179,24101.00
capture_1776885197757.jpg,blue,0.7267,659.40,596.67,552,505,214,187,30773.00
capture_1776885197757.jpg,green,0.7165,1359.52,414.58,1272,328,174,180,23227.00
capture_1776885197757.jpg,green,0.7275,670.78,360.09,580,281,183,158,22206.00
capture_1776885197757.jpg,green,0.7273,1090.30,366.67,1002,267,178,203,27623.00
capture_1776885197757.jpg,green,0.7304,885.15,348.39,796,259,170,179,23632.50
capture_1776885197757.jpg,red,0.7245,899.90,650.44,822,581,159,135,16312.00
capture_1776885197757.jpg,red,0.6528,1115.56,626.38,1043,572,134,104,8153.50
capture_1776885197887.jpg,blue,0.7147,1326.83,703.43,1234,612,182,179,23963.00
capture_1776885197887.jpg,blue,0.7228,654.63,594.22,548,498,214,192,31013.50
capture_1776885197887.jpg,green,0.7160,1365.91,466.57,1280,379,172,180,22730.00
capture_1776885197887.jpg,green,0.7233,1101.91,398.81,1015,300,176,204,27034.50
capture_1776885197887.jpg,green,0.7301,685.28,360.19,596,282,180,156,21875.50
capture_1776885197887.jpg,green,0.7260,898.82,364.65,810,276,171,178,23162.50
capture_1776885197887.jpg,red,0.6573,1103.88,661.42,1020,592,156,128,11730.50
capture_1776885197887.jpg,red,0.7222,890.80,665.83,808,587,165,151,18729.50
capture_1776885197987.jpg,blue,0.7223,1305.42,720.43,1215,631,179,175,23515.00
capture_1776885197987.jpg,blue,0.7280,641.94,575.25,535,483,217,188,31392.50
capture_1776885197987.jpg,green,0.7151,1358.10,489.12,1272,402,171,179,22386.50
capture_1776885197987.jpg,green,0.7231,1100.24,406.53,1013,309,175,202,26695.00
capture_1776885197987.jpg,green,0.7250,899.82,361.28,811,275,173,175,22969.50
capture_1776885197987.jpg,green,0.7326,686.17,345.22,598,266,178,157,21772.50
capture_1776885197987.jpg,red,0.6756,1085.31,667.76,1006,603,159,122,11925.50
capture_1776885197987.jpg,red,0.7245,874.62,660.05,792,586,165,149,18680.50
capture_1776885198120.jpg,blue,0.7136,1296.75,739.48,1204,648,182,180,24023.00
capture_1776885198120.jpg,blue,0.7259,647.84,542.21,542,448,215,190,31329.00
capture_1776885198120.jpg,green,0.7142,1370.02,511.72,1283,423,172,181,22782.00
capture_1776885198120.jpg,green,0.7230,1117.72,408.30,1029,310,179,203,27175.00
capture_1776885198120.jpg,green,0.7264,922.35,348.67,831,262,177,175,23488.00
capture_1776885198120.jpg,green,0.7298,709.84,315.58,621,234,177,160,22023.00
capture_1776885198120.jpg,red,0.6627,1086.43,668.21,1011,614,142,106,9083.50
capture_1776885198120.jpg,red,0.7172,872.16,644.32,790,571,162,144,17308.00
capture_1776885198220.jpg,blue,0.7139,1289.06,766.65,1196,672,182,185,24727.00
capture_1776885198220.jpg,blue,0.7292,655.47,519.14,550,425,213,190,31241.50
capture_1776885198220.jpg,green,0.7178,1378.15,541.30,1292,451,170,183,23063.50
capture_1776885198220.jpg,green,0.7228,1130.71,417.49,1043,321,180,204,27125.50
capture_1776885198220.jpg,green,0.7283,942.82,346.70,849,259,179,174,23431.50
capture_1776885198220.jpg,green,0.7262,730.56,297.46,641,216,179,160,21920.00
capture_1776885198220.jpg,red,0.6639,1081.77,678.09,1006,624,146,109,9624.00
capture_1776885198220.jpg,red,0.7174,871.83,638.45,792,564,160,148,17661.00
capture_1776885198351.jpg,blue,0.7170,1283.52,820.68,1189,730,184,181,24734.50
capture_1776885198351.jpg,blue,0.7266,678.32,500.40,576,404,208,194,31118.50
capture_1776885198351.jpg,green,0.7188,1397.56,607.11,1313,514,169,186,23467.50
capture_1776885198351.jpg,green,0.7227,1159.09,451.92,1073,357,182,207,27310.50
capture_1776885198351.jpg,green,0.7343,984.01,363.34,889,274,181,173,23374.50
capture_1776885198351.jpg,green,0.7300,778.92,289.34,691,208,175,161,21862.50
capture_1776885198351.jpg,red,0.6709,1082.77,708.12,1001,657,157,100,9659.00
capture_1776885198351.jpg,red,0.7156,878.87,643.61,798,568,160,152,17969.00
capture_1776885198581.jpg,blue,0.7201,1301.48,855.44,1207,764,185,184,25359.00
capture_1776885198581.jpg,blue,0.7276,730.80,471.21,630,376,206,192,30301.50
capture_1776885198581.jpg,green,0.7147,1443.79,655.25,1356,561,174,187,23962.00
capture_1776885198581.jpg,green,0.7282,1213.19,472.09,1125,378,189,206,28223.00
capture_1776885198581.jpg,green,0.7401,1046.88,365.88,952,277,183,173,23414.00
capture_1776885198581.jpg,green,0.7293,852.71,274.15,763,192,175,161,21608.00
capture_1776885198581.jpg,red,0.6583,1110.06,721.26,1022,673,162,100,9757.50
capture_1776885198581.jpg,red,0.7177,912.42,633.71,833,557,156,154,17933.00
capture_1776885198681.jpg,blue,0.7202,1289.90,871.34,1196,778,185,187,26041.00
capture_1776885198681.jpg,blue,0.7260,736.63,464.29,636,368,204,194,30356.50
capture_1776885198681.jpg,green,0.7214,1440.76,674.09,1354,581,173,187,24371.00
capture_1776885198681.jpg,green,0.7326,1217.33,481.85,1128,390,191,204,28440.50
capture_1776885198681.jpg,green,0.7435,1057.22,369.32,963,281,184,172,23529.50
capture_1776885198681.jpg,green,0.7271,867.91,271.08,779,185,175,165,21775.00
capture_1776885198681.jpg,red,0.6664,1105.09,729.31,1022,680,156,102,9518.50
capture_1776885198681.jpg,red,0.7183,910.51,633.79,831,558,158,153,17736.00
capture_1776885198813.jpg,blue,0.7199,1253.85,869.84,1162,779,181,182,24773.00
capture_1776885198813.jpg,blue,0.7259,722.59,441.00,623,345,204,194,30354.00
capture_1776885198813.jpg,green,0.7176,1412.28,683.97,1328,588,169,189,23879.50
capture_1776885198813.jpg,green,0.7339,1201.41,483.78,1114,393,189,200,28025.50
capture_1776885198813.jpg,green,0.7432,1047.68,363.72,954,276,184,171,23182.00
capture_1776885198813.jpg,green,0.7292,862.93,256.43,774,171,174,165,21703.50
capture_1776885198813.jpg,red,0.6766,1076.65,720.54,997,674,155,101,9905.00
capture_1776885198813.jpg,red,0.7241,890.32,617.95,812,543,156,149,17620.50
capture_1776885198944.jpg,blue,0.7192,1232.03,869.44,1140,780,180,180,24397.00
capture_1776885198944.jpg,blue,0.7269,717.42,424.22,618,327,204,197,30774.00
capture_1776885198944.jpg,green,0.7231,1395.00,689.45,1312,596,167,186,23497.00
capture_1776885198944.jpg,green,0.7361,1193.16,483.11,1105,393,191,198,27991.50
capture_1776885198944.jpg,green,0.7450,1045.23,357.36,952,269,184,172,23232.00
capture_1776885198944.jpg,green,0.7228,864.99,243.28,775,156,175,168,21641.50
capture_1776885198944.jpg,red,0.6612,1061.95,717.14,982,663,155,112,10349.50
capture_1776885198944.jpg,red,0.7159,878.90,607.38,799,529,155,154,17678.50
capture_1776885199076.jpg,blue,0.7202,738.50,432.76,634,329,215,208,33862.00
capture_1776885199076.jpg,green,0.7021,1418.89,754.24,1332,639,183,223,29816.50
capture_1776885199076.jpg,green,0.7176,1205.24,509.52,1114,414,199,205,28107.00
capture_1776885199076.jpg,green,0.5756,997.62,332.13,793,152,365,328,49285.00
capture_1776885199076.jpg,red,0.6617,1075.40,761.93,1010,710,134,107,8703.00
capture_1776885199076.jpg,red,0.7098,892.73,631.50,820,556,145,156,16308.50
capture_1776885199176.jpg,blue,0.7286,757.89,482.39,661,385,196,196,29745.50
capture_1776885199176.jpg,green,0.7238,1408.70,835.79,1323,741,172,191,24909.50
capture_1776885199176.jpg,green,0.7406,1221.50,597.77,1134,505,192,199,28672.50
capture_1776885199176.jpg,green,0.7484,1087.15,452.96,995,367,186,169,23215.50
capture_1776885199176.jpg,green,0.7262,926.15,322.31,839,234,170,170,21224.00
capture_1776885199176.jpg,red,0.6446,1062.58,815.08,984,768,153,104,8902.50
capture_1776885199176.jpg,red,0.7097,893.09,682.74,815,604,154,161,17645.00
capture_1776885199407.jpg,blue,0.7303,805.87,428.88,711,329,192,199,29553.00
capture_1776885199407.jpg,green,0.7373,1343.96,941.52,1263,850,169,187,25337.00
capture_1776885199407.jpg,green,0.7432,1229.08,665.75,1137,576,197,188,29383.50
capture_1776885199407.jpg,green,0.7396,1132.16,482.26,1040,401,189,167,23568.50
capture_1776885199407.jpg,green,0.7255,1007.47,316.59,922,228,166,177,21336.50
capture_1776885199407.jpg,red,0.6394,1011.37,824.18,939,766,149,119,9614.00
capture_1776885199407.jpg,red,0.7139,884.33,654.24,807,577,152,159,17651.50
capture_1776885199539.jpg,blue,0.7273,853.79,353.79,759,251,191,205,30033.50
capture_1776885199539.jpg,green,0.7278,1287.10,950.54,1201,860,174,182,24483.50
capture_1776885199539.jpg,green,0.7308,1229.16,669.48,1127,578,205,183,29112.00
capture_1776885199539.jpg,green,0.7199,1167.02,467.69,1075,388,193,167,23845.00
capture_1776885199539.jpg,green,0.7223,1074.99,278.40,993,189,160,183,21535.00
capture_1776885199539.jpg,red,0.6575,982.69,779.83,915,709,143,134,11233.00
capture_1776885199539.jpg,red,0.7136,890.50,591.57,816,514,149,161,17502.50
capture_1776885199667.jpg,blue,0.7300,1029.21,943.81,944,858,172,176,23640.00
capture_1776885199667.jpg,blue,0.7285,865.83,288.02,771,182,190,211,30965.00
capture_1776885199667.jpg,green,0.7202,1268.04,896.49,1178,809,177,177,23387.00
capture_1776885199667.jpg,green,0.7301,1225.60,621.53,1122,532,207,179,28777.00
capture_1776885199667.jpg,green,0.7236,1175.56,417.93,1083,337,190,169,24297.00
capture_1776885199667.jpg,green,0.7201,1094.32,219.28,1013,128,161,187,22368.00
capture_1776885199667.jpg,red,0.6704,975.07,722.64,907,650,146,135,12066.00
capture_1776885199667.jpg,red,0.7189,892.34,531.58,820,452,146,164,17754.00
capture_1776885199768.jpg,blue,0.7292,1013.44,926.09,932,843,167,171,22322.00
capture_1776885199768.jpg,blue,0.7209,861.79,263.15,768,156,189,214,30538.50
capture_1776885199768.jpg,green,0.7173,1251.09,884.22,1159,797,179,176,23400.00
capture_1776885199768.jpg,green,0.7278,1216.33,609.07,1114,518,206,182,28838.00
capture_1776885199768.jpg,green,0.7270,1171.91,403.58,1079,322,191,167,24546.50
capture_1776885199768.jpg,green,0.7207,1094.45,199.75,1013,108,161,191,22884.00
capture_1776885199768.jpg,red,0.6837,965.71,704.67,899,640,145,131,12128.50
capture_1776885199768.jpg,red,0.7152,886.03,510.03,813,431,147,164,17591.00
capture_1776885199902.jpg,blue,0.7210,1025.00,904.47,947,825,158,162,19502.00
capture_1776885199902.jpg,blue,0.7212,899.47,235.31,808,129,185,210,29194.50
capture_1776885199902.jpg,green,0.7216,1262.61,870.81,1174,787,176,168,22557.00
capture_1776885199902.jpg,green,0.7270,1242.80,595.49,1140,507,206,178,28176.50
capture_1776885199902.jpg,green,0.7322,1209.48,387.02,1116,304,189,166,24660.00
capture_1776885199902.jpg,green,0.7174,1139.50,176.10,1058,83,162,191,23302.50
capture_1776885199902.jpg,red,0.6716,984.43,681.52,924,609,138,133,11545.00
capture_1776885199902.jpg,red,0.7165,915.14,484.58,843,404,143,164,17156.50
capture_1776885200034.jpg,blue,0.7226,968.96,880.10,900,805,143,152,16546.00
capture_1776885200034.jpg,blue,0.7200,882.82,202.88,793,100,183,203,27955.50
capture_1776885200034.jpg,green,0.7132,1199.74,852.75,1117,773,164,164,19978.50
capture_1776885200034.jpg,green,0.7132,1201.14,581.50,1104,495,195,176,25406.50
capture_1776885200034.jpg,green,0.7270,1186.14,375.04,1096,293,182,166,23599.00
capture_1776885200034.jpg,green,0.7186,1131.40,159.14,1050,65,160,190,23318.50
capture_1776885200034.jpg,red,0.6800,944.39,658.51,885,596,127,122,10104.50
capture_1776885200034.jpg,red,0.7089,884.97,455.16,813,375,141,162,16305.00
capture_1776885200134.jpg,blue,0.7186,932.18,862.56,861,789,147,151,16726.50
capture_1776885200134.jpg,blue,0.7254,879.12,179.67,788,73,183,207,29087.50
capture_1776885200134.jpg,green,0.7117,1162.78,846.72,1076,768,167,159,19679.00
capture_1776885200134.jpg,green,0.7150,1177.98,577.75,1079,492,196,174,25422.00
capture_1776885200134.jpg,green,0.7282,1173.14,370.91,1084,288,180,167,23661.50
capture_1776885200134.jpg,green,0.7217,1129.59,150.20,1049,57,160,190,23591.00
capture_1776885200134.jpg,red,0.6848,920.79,642.08,865,575,119,133,10166.00
capture_1776885200134.jpg,red,0.7149,869.49,435.25,801,358,137,160,15890.50
capture_1776885200262.jpg,blue,0.7146,900.20,860.12,828,781,149,159,17505.50
capture_1776885200262.jpg,blue,0.7273,897.98,171.80,806,65,183,212,29946.50
capture_1776885200262.jpg,green,0.7082,1132.65,860.89,1046,780,169,163,20042.50
capture_1776885200262.jpg,green,0.7187,1167.16,593.69,1068,507,196,176,25888.00
capture_1776885200262.jpg,green,0.7253,1177.21,385.35,1086,300,184,170,24132.50
capture_1776885200262.jpg,green,0.7179,1149.27,160.21,1067,64,164,193,23855.00
capture_1776885200262.jpg,red,0.6512,908.50,640.64,852,574,114,128,8695.50
capture_1776885200262.jpg,red,0.7051,871.02,427.14,806,351,131,157,14315.50
capture_1776885200396.jpg,blue,0.7155,868.52,838.34,795,753,150,164,18080.00
capture_1776885200396.jpg,blue,0.7256,956.72,157.73,864,49,186,215,30736.00
capture_1776885200396.jpg,green,0.7082,1097.55,872.35,1008,792,173,162,20241.50
capture_1776885200396.jpg,green,0.7170,1168.96,613.48,1063,526,205,177,26890.00
capture_1776885200396.jpg,green,0.7318,1206.93,407.00,1115,320,183,172,24789.50
capture_1776885200396.jpg,green,0.7209,1208.75,179.09,1127,85,167,190,24165.50
capture_1776885200396.jpg,red,0.6699,905.01,623.78,856,553,105,134,8770.00
capture_1776885200396.jpg,red,0.7105,896.68,407.91,832,333,128,151,13872.00
capture_1776885200662.jpg,blue,0.7157,791.24,800.38,716,720,154,159,18131.00
capture_1776885200662.jpg,blue,0.7234,998.15,143.33,904,32,188,221,31722.00
capture_1776885200662.jpg,green,0.7080,1009.08,874.34,921,795,174,158,20031.50
capture_1776885200662.jpg,green,0.7181,1126.01,633.96,1020,547,203,177,26577.00
capture_1776885200662.jpg,green,0.7272,1198.01,440.99,1109,348,179,180,24697.50
capture_1776885200662.jpg,green,0.7198,1243.48,213.95,1161,120,167,191,24324.50
capture_1776885200662.jpg,red,0.6681,864.06,595.89,808,520,112,145,9815.50
capture_1776885200662.jpg,red,0.7207,894.31,381.23,831,305,129,155,14968.50
capture_1776885200760.jpg,blue,0.7193,799.78,794.18,726,712,149,161,17955.00
capture_1776885200760.jpg,blue,0.7239,1059.09,153.11,963,44,193,219,32010.00
capture_1776885200760.jpg,green,0.7089,1010.28,890.00,923,810,174,160,20346.00
capture_1776885200760.jpg,green,0.7229,1150.65,656.12,1046,570,202,180,27037.00
capture_1776885200760.jpg,green,0.7283,1236.53,471.03,1149,373,179,186,24965.00
capture_1776885200760.jpg,green,0.7236,1301.21,242.43,1218,148,169,191,24663.50
capture_1776885200760.jpg,red,0.6684,890.51,595.89,842,514,100,156,9339.00
capture_1776885200760.jpg,red,0.7104,937.11,384.25,872,305,132,159,15076.00
capture_1776885200924.jpg,blue,0.7249,784.61,745.68,709,666,150,157,18042.00
capture_1776885200924.jpg,blue,0.7256,1151.52,158.46,1051,51,199,218,33035.50
capture_1776885200924.jpg,green,0.7093,976.03,872.63,888,798,178,152,19665.00
capture_1776885200924.jpg,green,0.7335,1155.85,666.14,1050,582,200,182,27429.00
capture_1776885200924.jpg,green,0.7357,1269.28,504.66,1181,406,185,186,25708.50
capture_1776885200924.jpg,green,0.7172,1377.73,288.02,1290,196,182,187,25661.50
capture_1776885200924.jpg,red,0.6714,904.58,566.46,848,485,107,155,10004.00
capture_1776885200924.jpg,red,0.7115,987.67,367.00,920,289,138,157,15730.00
capture_1776885201024.jpg,blue,0.7120,761.49,718.33,686,637,153,157,17563.50
capture_1776885201024.jpg,blue,0.7235,1165.40,154.98,1063,48,203,215,33247.50
capture_1776885201024.jpg,green,0.7117,944.64,851.24,861,776,171,152,19111.50
capture_1776885201024.jpg,green,0.7355,1134.39,657.32,1030,576,197,178,26446.00
capture_1776885201024.jpg,green,0.7380,1258.59,504.93,1169,408,185,184,25355.00
capture_1776885201024.jpg,green,0.7182,1380.52,298.42,1291,205,185,186,25490.50
capture_1776885201024.jpg,red,0.6843,891.00,548.65,836,468,105,150,9941.50
capture_1776885201024.jpg,red,0.7176,986.54,353.30,920,277,135,152,15195.50
capture_1776885201156.jpg,blue,0.7195,717.07,676.72,641,597,153,156,17888.00
capture_1776885201156.jpg,green,0.7166,896.56,813.47,811,742,173,146,18748.00
capture_1776885201156.jpg,green,0.7343,1090.44,626.94,986,547,196,176,25919.50
capture_1776885201156.jpg,green,0.7443,1219.29,480.29,1134,385,177,183,24719.00
capture_1776885201156.jpg,green,0.7174,1345.79,280.82,1259,188,181,186,24921.00
capture_1776885201156.jpg,red,0.6754,852.18,512.66,795,437,107,147,9699.50
capture_1776885201156.jpg,red,0.7103,954.84,317.08,886,240,138,153,15040.50
capture_1776885201253.jpg,blue,0.7178,691.42,613.14,613,535,155,153,17652.00
capture_1776885201253.jpg,green,0.7186,862.07,756.19,779,688,168,141,18098.00
capture_1776885201253.jpg,green,0.7314,1066.10,583.93,962,504,194,176,25248.50
capture_1776885201253.jpg,green,0.7397,1205.06,446.55,1120,351,176,184,24335.50
capture_1776885201253.jpg,green,0.7156,1344.90,254.71,1255,161,187,186,25349.50
capture_1776885201253.jpg,red,0.6853,835.87,458.43,785,389,100,138,8733.00
capture_1776885201253.jpg,red,0.7077,950.44,266.89,882,193,140,147,14794.50
